{"count":1,"self":3838.8383744,"total":11791.476537999999,"children":{"AgentResetIfDone":{"count":529251,"self":30.3258272,"total":30.325827999999998,"children":null},"AgentSendState":{"count":529251,"self":153.10579199999998,"total":1611.9943369999999,"children":{"CollectObservations":{"count":4763259,"self":1458.8884991999998,"total":1458.88855,"children":null}}},"DecideAction":{"count":529251,"self":3406.7455999999997,"total":5174.9944529999993,"children":{"AgentInfo.ToProto":{"count":529251,"self":1768.2489343999998,"total":1768.2489249999999,"children":null}}},"AcademyStep":{"count":529251,"self":9.2114048,"total":9.211405,"children":null},"AgentAct":{"count":529251,"self":1126.1113344,"total":1126.111345,"children":null}}}